{
  "name": "Authentication",
  "description": "Authentication-related endpoints",
  "item": [
    {
      "name": "Register User",
      "request": {
        "method": "POST",
        "header": [
          {
            "key": "Content-Type",
            "value": "application/json"
          }
        ],
        "body": {
          "mode": "raw",
          "raw": "{\n    \"name\": \"Test User\",\n    \"email\": \"user@example.com\",\n    \"password\": \"password123\",\n    \"phone\": 9876543210,\n    \"role\": \"USER\",\n    \"isActive\": true\n}"
        },
        "url": "{{baseUrl}}/users/register",
        "description": "Register a new user"
      },
      "response": []
    },
    {
      "name": "Register Admin",
      "request": {
        "method": "POST",
        "header": [
          {
            "key": "Content-Type",
            "value": "application/json"
          }
        ],
        "body": {
          "mode": "raw",
          "raw": "{\n    \"name\": \"Admin User\",\n    \"email\": \"{{adminEmail}}\",\n    \"password\": \"{{adminPassword}}\",\n    \"phone\": 9876543210,\n    \"role\": \"ADMIN\",\n    \"isActive\": true\n}"
        },
        "url": "{{baseUrl}}/users/registerAdmin",
        "description": "Register a new admin user"
      },
      "response": []
    },
    {
      "name": "Login",
      "request": {
        "method": "POST",
        "header": [
          {
            "key": "Content-Type",
            "value": "application/json"
          }
        ],
        "body": {
          "mode": "raw",
          "raw": "{\n    \"email\": \"user@example.com\",\n    \"password\": \"password123\"\n}"
        },
        "url": "{{baseUrl}}/users/login",
        "description": "Login and get authentication tokens"
      },
      "response": []
    },
    {
      "name": "Admin Login",
      "request": {
        "method": "POST",
        "header": [
          {
            "key": "Content-Type",
            "value": "application/json"
          }
        ],
        "body": {
          "mode": "raw",
          "raw": "{\n    \"email\": \"{{adminEmail}}\",\n    \"password\": \"{{adminPassword}}\"\n}"
        },
        "url": "{{baseUrl}}/users/login",
        "description": "Login as admin and get authentication tokens"
      },
      "response": []
    },
    {
      "name": "Refresh Token",
      "request": {
        "method": "POST",
        "header": [
          {
            "key": "Content-Type",
            "value": "application/json"
          }
        ],
        "body": {
          "mode": "raw",
          "raw": "{\n    \"refreshToken\": \"{{refreshToken}}\"\n}"
        },
        "url": "{{baseUrl}}/users/refreshToken",
        "description": "Refresh access token using refresh token"
      },
      "response": []
    },
    {
      "name": "Get Current User",
      "request": {
        "method": "GET",
        "header": [
          {
            "key": "Authorization",
            "value": "Bearer {{accessToken}}"
          }
        ],
        "url": "{{baseUrl}}/users/me",
        "description": "Get current user details"
      },
      "response": []
    }
  ]
}
