{
  "name": "Campaigns",
  "description": "Campaign management endpoints",
  "item": [
    {
      "name": "Create LinkedIn Campaign",
      "request": {
        "method": "POST",
        "header": [
          {
            "key": "Content-Type",
            "value": "application/json"
          },
          {
            "key": "Authorization",
            "value": "Bearer {{accessToken}}"
          }
        ],
        "body": {
          "mode": "raw",
          "raw": "{\n    \"name\": \"Test Search Campaign\",\n    \"searchQuery\": \"Software Engineer\",\n    \"accountName\": \"Test LinkedIn Account\",\n    \"proxyId\": \"{{proxyId}}\",\n    \"linkedInAccountId\": \"{{linkedInAccountId}}\",\n    \"password\": \"linkedin_password123\",\n    \"clientId\": \"{{userId}}\",\n    \"company\": \"Microsoft\",\n    \"school\": \"Stanford\",\n    \"location\": \"United States\"\n}"
        },
        "url": "{{baseUrl}}/campaign/campaignLinkedin",
        "description": "Create a new LinkedIn search campaign"
      },
      "response": []
    },
    {
      "name": "Check LinkedIn Login",
      "request": {
        "method": "POST",
        "header": [
          {
            "key": "Content-Type",
            "value": "application/json"
          },
          {
            "key": "Authorization",
            "value": "Bearer {{accessToken}}"
          }
        ],
        "body": {
          "mode": "raw",
          "raw": "{}"
        },
        "url": "{{baseUrl}}/campaign/linkchecklogin",
        "description": "Check if LinkedIn is logged in"
      },
      "response": []
    },
    {
      "name": "LinkedIn Login",
      "request": {
        "method": "POST",
        "header": [
          {
            "key": "Content-Type",
            "value": "application/json"
          },
          {
            "key": "Authorization",
            "value": "Bearer {{accessToken}}"
          }
        ],
        "body": {
          "mode": "raw",
          "raw": "{\n    \"email\": \"linkedin_email@example.com\",\n    \"password\": \"linkedin_password\",\n    \"proxyId\": \"{{proxyId}}\"\n}"
        },
        "url": "{{baseUrl}}/campaign/linklogin",
        "description": "Login to LinkedIn"
      },
      "response": []
    },
    {
      "name": "Send LinkedIn Captcha",
      "request": {
        "method": "POST",
        "header": [
          {
            "key": "Content-Type",
            "value": "application/json"
          },
          {
            "key": "Authorization",
            "value": "Bearer {{accessToken}}"
          }
        ],
        "body": {
          "mode": "raw",
          "raw": "{\n    \"captchaInput\": \"ABCDE\"\n}"
        },
        "url": "{{baseUrl}}/campaign/linkCaptcha",
        "description": "Submit captcha during LinkedIn login"
      },
      "response": []
    },
    {
      "name": "LinkedIn Search",
      "request": {
        "method": "POST",
        "header": [
          {
            "key": "Content-Type",
            "value": "application/json"
          },
          {
            "key": "Authorization",
            "value": "Bearer {{accessToken}}"
          }
        ],
        "body": {
          "mode": "raw",
          "raw": "{\n    \"searchQuery\": \"Software Engineer\",\n    \"location\": \"United States\",\n    \"company\": \"Microsoft\",\n    \"school\": \"Stanford\"\n}"
        },
        "url": "{{baseUrl}}/campaign/linkSearch",
        "description": "Perform LinkedIn search"
      },
      "response": []
    },
    {
      "name": "Verify OTP",
      "request": {
        "method": "POST",
        "header": [
          {
            "key": "Content-Type",
            "value": "application/json"
          },
          {
            "key": "Authorization",
            "value": "Bearer {{accessToken}}"
          }
        ],
        "body": {
          "mode": "raw",
          "raw": "{\n    \"otpInput\": \"123456\"\n}"
        },
        "url": "{{baseUrl}}/campaign/verifyOtp",
        "description": "Verify OTP during LinkedIn login"
      },
      "response": []
    },
    {
      "name": "Get All Campaigns",
      "request": {
        "method": "GET",
        "header": [
          {
            "key": "Authorization",
            "value": "Bearer {{accessToken}}"
          }
        ],
        "url": "{{baseUrl}}/campaign/getcampaigns",
        "description": "Get all campaigns for the current user"
      },
      "response": []
    },
    {
      "name": "Get Campaign by ID",
      "request": {
        "method": "GET",
        "header": [
          {
            "key": "Authorization",
            "value": "Bearer {{accessToken}}"
          }
        ],
        "url": "{{baseUrl}}/campaign/getPastcampaignById/{{campaignId}}",
        "description": "Get a specific campaign by ID"
      },
      "response": []
    },
    {
      "name": "Update Campaign",
      "request": {
        "method": "PATCH",
        "header": [
          {
            "key": "Content-Type",
            "value": "application/json"
          },
          {
            "key": "Authorization",
            "value": "Bearer {{accessToken}}"
          }
        ],
        "body": {
          "mode": "raw",
          "raw": "{\n    \"name\": \"Updated Campaign Name\",\n    \"searchQuery\": \"Senior Software Engineer\"\n}"
        },
        "url": "{{baseUrl}}/campaign/{{campaignId}}",
        "description": "Update a campaign"
      },
      "response": []
    },
    {
      "name": "Delete Campaign",
      "request": {
        "method": "DELETE",
        "header": [
          {
            "key": "Authorization",
            "value": "Bearer {{accessToken}}"
          }
        ],
        "url": "{{baseUrl}}/campaign/{{campaignId}}",
        "description": "Delete a campaign"
      },
      "response": []
    }
  ]
}
