{
  "info": {
    "name": "LinkedIn Scraper API",
    "description": "API collection for LinkedIn scraping and lead management system",
    "schema": "https://schema.getpostman.com/json/collection/v2.1.0/collection.json"
  },
  "item": [
    {
      "name": "API Documentation",
      "description": "Link to API documentation or overview",
      "item": [
        {
          "name": "API Info",
          "request": {
            "method": "GET",
            "header": [],
            "url": "{{baseUrl}}/",
            "description": "Get API information"
          },
          "response": []
        }
      ]
    },
    {
      "name": "System Health",
      "description": "Endpoints to check system health and status",
      "item": [
        {
          "name": "Health Check",
          "request": {
            "method": "GET",
            "header": [],
            "url": "{{baseUrl}}/api/health",
            "description": "Check if the API is running"
          },
          "response": []
        }
      ]
    }
  ]
}
