{
  "id": "ffdce6aa-3c1e-40de-a21a-328b486e5bb3",
  "name": "LinkedIn Scraper API",
  "values": [
    {
      "key": "baseUrl",
      "value": "http://localhost:4051",
      "enabled": true,
      "type": "default"
    },
    {
      "key": "adminEmail",
      "value": "admin@example.com",
      "enabled": true,
      "type": "default"
    },
    {
      "key": "adminPassword",
      "value": "adminpass123",
      "enabled": true,
      "type": "secret"
    },
    {
      "key": "accessToken",
      "value": "",
      "enabled": true,
      "type": "default"
    },
    {
      "key": "refreshToken",
      "value": "",
      "enabled": true,
      "type": "secret"
    },
    {
      "key": "adminAccessToken",
      "value": "",
      "enabled": true,
      "type": "default"
    },
    {
      "key": "adminRefreshToken",
      "value": "",
      "enabled": true,
      "type": "secret"
    },
    {
      "key": "userId",
      "value": "",
      "enabled": true,
      "type": "default"
    },
    {
      "key": "linkedInAccountId",
      "value": "",
      "enabled": true,
      "type": "default"
    },
    {
      "key": "linkedInAccountPassword",
      "value": "",
      "enabled": true,
      "type": "secret"
    },
    {
      "key": "proxyId",
      "value": "",
      "enabled": true,
      "type": "default"
    },
    {
      "key": "campaignId",
      "value": "",
      "enabled": true,
      "type": "default"
    },
    {
      "key": "leadId",
      "value": "",
      "enabled": true,
      "type": "default"
    },
    {
      "key": "commentId",
      "value": "",
      "enabled": true,
      "type": "default"
    }
  ],
  "_postman_variable_scope": "environment"
}