{
  "name": "Lead Status",
  "description": "Lead status management endpoints",
  "item": [
    {
      "name": "Create Lead Status",
      "request": {
        "method": "POST",
        "header": [
          {
            "key": "Content-Type",
            "value": "application/json"
          },
          {
            "key": "Authorization",
            "value": "Bearer {{accessToken}}"
          }
        ],
        "body": {
          "mode": "raw",
          "raw": "{\n    \"value\": \"NEW_OPPORTUNITY\"\n}"
        },
        "url": "{{baseUrl}}/leadStatus",
        "description": "Create a new lead status"
      },
      "response": []
    },
    {
      "name": "Get All Lead Statuses",
      "request": {
        "method": "GET",
        "header": [
          {
            "key": "Authorization",
            "value": "Bearer {{accessToken}}"
          }
        ],
        "url": "{{baseUrl}}/leadStatus",
        "description": "Get all lead statuses"
      },
      "response": []
    },
    {
      "name": "Get Lead Status by ID",
      "request": {
        "method": "GET",
        "header": [
          {
            "key": "Authorization",
            "value": "Bearer {{accessToken}}"
          }
        ],
        "url": "{{baseUrl}}/leadStatus/{{statusId}}",
        "description": "Get a specific lead status by ID"
      },
      "response": []
    },
    {
      "name": "Update Lead Status",
      "request": {
        "method": "PATCH",
        "header": [
          {
            "key": "Content-Type",
            "value": "application/json"
          },
          {
            "key": "Authorization",
            "value": "Bearer {{accessToken}}"
          }
        ],
        "body": {
          "mode": "raw",
          "raw": "{\n    \"value\": \"HOT_LEAD\"\n}"
        },
        "url": "{{baseUrl}}/leadStatus/{{statusId}}",
        "description": "Update a lead status"
      },
      "response": []
    },
    {
      "name": "Delete Lead Status",
      "request": {
        "method": "DELETE",
        "header": [
          {
            "key": "Authorization",
            "value": "Bearer {{accessToken}}"
          }
        ],
        "url": "{{baseUrl}}/leadStatus/{{statusId}}",
        "description": "Delete a lead status"
      },
      "response": []
    }
  ]
}
