{
  "name": "Leads",
  "description": "Lead management endpoints",
  "item": [
    {
      "name": "Create Lead",
      "request": {
        "method": "POST",
        "header": [
          {
            "key": "Content-Type",
            "value": "application/json"
          },
          {
            "key": "Authorization",
            "value": "Bearer {{accessToken}}"
          }
        ],
        "body": {
          "mode": "raw",
          "raw": "{\n    \"clientId\": \"{{userId}}\",\n    \"campaignId\": \"{{campaignId}}\",\n    \"status\": \"CREATED\",\n    \"rating\": \"Medium\",\n    \"name\": \"John Doe\",\n    \"position\": \"Software Engineer\",\n    \"company\": \"Microsoft\",\n    \"location\": \"Seattle, Washington, United States\",\n    \"linkedinProfileUrl\": \"https://www.linkedin.com/in/johndoe\"\n}"
        },
        "url": "{{baseUrl}}/lead",
        "description": "Create a new lead manually"
      },
      "response": []
    },
    {
      "name": "Get All Leads",
      "request": {
        "method": "GET",
        "header": [
          {
            "key": "Authorization",
            "value": "Bearer {{accessToken}}"
          }
        ],
        "url": {
          "raw": "{{baseUrl}}/lead?skip=0&limit=10&sortBy=createdAt&sortOrder=desc",
          "host": ["{{baseUrl}}"],
          "path": ["lead"],
          "query": [
            {
              "key": "skip",
              "value": "0"
            },
            {
              "key": "limit",
              "value": "10"
            },
            {
              "key": "sortBy",
              "value": "createdAt"
            },
            {
              "key": "sortOrder",
              "value": "desc"
            }
          ]
        },
        "description": "Get all leads with pagination and sorting"
      },
      "response": []
    },
    {
      "name": "Get Lead by ID",
      "request": {
        "method": "GET",
        "header": [
          {
            "key": "Authorization",
            "value": "Bearer {{accessToken}}"
          }
        ],
        "url": "{{baseUrl}}/lead/getById/{{leadId}}",
        "description": "Get a specific lead by ID"
      },
      "response": []
    },
    {
      "name": "Assign Lead to User",
      "request": {
        "method": "PATCH",
        "header": [
          {
            "key": "Content-Type",
            "value": "application/json"
          },
          {
            "key": "Authorization",
            "value": "Bearer {{accessToken}}"
          }
        ],
        "body": {
          "mode": "raw",
          "raw": "{\n    \"userId\": \"{{userId}}\"\n}"
        },
        "url": "{{baseUrl}}/lead/assignLeadToUser/{{leadId}}",
        "description": "Assign a lead to a specific user"
      },
      "response": []
    },
    {
      "name": "Auto-Assign Leads to User",
      "request": {
        "method": "PATCH",
        "header": [
          {
            "key": "Content-Type",
            "value": "application/json"
          },
          {
            "key": "Authorization",
            "value": "Bearer {{accessToken}}"
          }
        ],
        "body": {
          "mode": "raw",
          "raw": "{\n    \"userId\": \"{{userId}}\"\n}"
        },
        "url": "{{baseUrl}}/lead/automaticallyAssignLeadsToUser",
        "description": "Automatically assign unassigned leads to a specific user"
      },
      "response": []
    },
    {
      "name": "Change Lead Status",
      "request": {
        "method": "PATCH",
        "header": [
          {
            "key": "Content-Type",
            "value": "application/json"
          },
          {
            "key": "Authorization",
            "value": "Bearer {{accessToken}}"
          }
        ],
        "body": {
          "mode": "raw",
          "raw": "{\n    \"status\": \"CONTACTED\"\n}"
        },
        "url": "{{baseUrl}}/lead/changeLeadStatus/{{leadId}}",
        "description": "Change the status of a lead"
      },
      "response": []
    },
    {
      "name": "Change Lead Rating",
      "request": {
        "method": "PATCH",
        "header": [
          {
            "key": "Content-Type",
            "value": "application/json"
          },
          {
            "key": "Authorization",
            "value": "Bearer {{accessToken}}"
          }
        ],
        "body": {
          "mode": "raw",
          "raw": "{\n    \"rating\": \"High\"\n}"
        },
        "url": "{{baseUrl}}/lead/changeLeadRating/{{leadId}}",
        "description": "Change the rating of a lead"
      },
      "response": []
    },
    {
      "name": "Delete Lead",
      "request": {
        "method": "DELETE",
        "header": [
          {
            "key": "Authorization",
            "value": "Bearer {{accessToken}}"
          }
        ],
        "url": "{{baseUrl}}/lead/deleteById/{{leadId}}",
        "description": "Delete a lead by ID"
      },
      "response": []
    },
    {
      "name": "Get Leads by Campaign",
      "request": {
        "method": "GET",
        "header": [
          {
            "key": "Authorization",
            "value": "Bearer {{accessToken}}"
          }
        ],
        "url": {
          "raw": "{{baseUrl}}/lead/getByCampaign/{{campaignId}}?skip=0&limit=10",
          "host": ["{{baseUrl}}"],
          "path": ["lead", "getByCampaign", "{{campaignId}}"],
          "query": [
            {
              "key": "skip",
              "value": "0"
            },
            {
              "key": "limit",
              "value": "10"
            }
          ]
        },
        "description": "Get leads filtered by campaign ID"
      },
      "response": []
    }
  ]
}
