{
  "name": "Lead Comments",
  "description": "Lead comments management endpoints",
  "item": [
    {
      "name": "Create Lead Comment",
      "request": {
        "method": "POST",
        "header": [
          {
            "key": "Content-Type",
            "value": "application/json"
          },
          {
            "key": "Authorization",
            "value": "Bearer {{accessToken}}"
          }
        ],
        "body": {
          "mode": "raw",
          "raw": "{\n    \"leadId\": \"{{leadId}}\",\n    \"createdBy\": \"{{userId}}\",\n    \"message\": \"This lead looks promising, follow up next week.\"\n}"
        },
        "url": "{{baseUrl}}/leadComments",
        "description": "Create a new comment for a lead"
      },
      "response": []
    },
    {
      "name": "Get Comments by Lead ID",
      "request": {
        "method": "GET",
        "header": [
          {
            "key": "Authorization",
            "value": "Bearer {{accessToken}}"
          }
        ],
        "url": "{{baseUrl}}/leadComments/byLead/{{leadId}}",
        "description": "Get all comments for a specific lead"
      },
      "response": []
    },
    {
      "name": "Get Comment by ID",
      "request": {
        "method": "GET",
        "header": [
          {
            "key": "Authorization",
            "value": "Bearer {{accessToken}}"
          }
        ],
        "url": "{{baseUrl}}/leadComments/{{commentId}}",
        "description": "Get a specific comment by ID"
      },
      "response": []
    },
    {
      "name": "Update Comment",
      "request": {
        "method": "PATCH",
        "header": [
          {
            "key": "Content-Type",
            "value": "application/json"
          },
          {
            "key": "Authorization",
            "value": "Bearer {{accessToken}}"
          }
        ],
        "body": {
          "mode": "raw",
          "raw": "{\n    \"message\": \"Updated comment message.\"\n}"
        },
        "url": "{{baseUrl}}/leadComments/{{commentId}}",
        "description": "Update a comment"
      },
      "response": []
    },
    {
      "name": "Delete Comment",
      "request": {
        "method": "DELETE",
        "header": [
          {
            "key": "Authorization",
            "value": "Bearer {{accessToken}}"
          }
        ],
        "url": "{{baseUrl}}/leadComments/{{commentId}}",
        "description": "Delete a comment"
      },
      "response": []
    }
  ]
}
