{
  "name": "Lead Logs",
  "description": "Lead activity logs endpoints",
  "item": [
    {
      "name": "Get Logs by Lead ID",
      "request": {
        "method": "GET",
        "header": [
          {
            "key": "Authorization",
            "value": "Bearer {{accessToken}}"
          }
        ],
        "url": "{{baseUrl}}/leadLogs/byLead/{{leadId}}",
        "description": "Get all logs for a specific lead"
      },
      "response": []
    },
    {
      "name": "Get All Logs",
      "request": {
        "method": "GET",
        "header": [
          {
            "key": "Authorization",
            "value": "Bearer {{accessToken}}"
          }
        ],
        "url": {
          "raw": "{{baseUrl}}/leadLogs?skip=0&limit=20",
          "host": ["{{baseUrl}}"],
          "path": ["leadLogs"],
          "query": [
            {
              "key": "skip",
              "value": "0"
            },
            {
              "key": "limit",
              "value": "20"
            }
          ]
        },
        "description": "Get all lead logs with pagination"
      },
      "response": []
    },
    {
      "name": "Get Log by ID",
      "request": {
        "method": "GET",
        "header": [
          {
            "key": "Authorization",
            "value": "Bearer {{accessToken}}"
          }
        ],
        "url": "{{baseUrl}}/leadLogs/{{logId}}",
        "description": "Get a specific log by ID"
      },
      "response": []
    }
  ]
}
