{
  "name": "LinkedIn Accounts",
  "description": "LinkedIn account management endpoints",
  "item": [
    {
      "name": "Create LinkedIn Account",
      "request": {
        "method": "POST",
        "header": [
          {
            "key": "Content-Type",
            "value": "application/json"
          },
          {
            "key": "Authorization",
            "value": "Bearer {{accessToken}}"
          }
        ],
        "body": {
          "mode": "raw",
          "raw": "{\n    \"name\": \"Test LinkedIn Account\",\n    \"password\": \"linkedin_password123\",\n    \"clientId\": \"{{userId}}\"\n}"
        },
        "url": "{{baseUrl}}/linkedInAccount",
        "description": "Create a new LinkedIn account"
      },
      "response": []
    },
    {
      "name": "Get All LinkedIn Accounts",
      "request": {
        "method": "GET",
        "header": [
          {
            "key": "Authorization",
            "value": "Bearer {{accessToken}}"
          }
        ],
        "url": "{{baseUrl}}/linkedInAccount",
        "description": "Get all LinkedIn accounts for the current user"
      },
      "response": []
    },
    {
      "name": "Get LinkedIn Account by ID",
      "request": {
        "method": "GET",
        "header": [
          {
            "key": "Authorization",
            "value": "Bearer {{accessToken}}"
          }
        ],
        "url": "{{baseUrl}}/linkedInAccount/{{linkedInAccountId}}",
        "description": "Get LinkedIn account details by ID"
      },
      "response": []
    },
    {
      "name": "Update LinkedIn Account",
      "request": {
        "method": "PATCH",
        "header": [
          {
            "key": "Content-Type",
            "value": "application/json"
          },
          {
            "key": "Authorization",
            "value": "Bearer {{accessToken}}"
          }
        ],
        "body": {
          "mode": "raw",
          "raw": "{\n    \"name\": \"Updated LinkedIn Account\",\n    \"password\": \"new_linkedin_password\"\n}"
        },
        "url": "{{baseUrl}}/linkedInAccount/{{linkedInAccountId}}",
        "description": "Update a LinkedIn account"
      },
      "response": []
    },
    {
      "name": "Delete LinkedIn Account",
      "request": {
        "method": "DELETE",
        "header": [
          {
            "key": "Authorization",
            "value": "Bearer {{accessToken}}"
          }
        ],
        "url": "{{baseUrl}}/linkedInAccount/{{linkedInAccountId}}",
        "description": "Delete a LinkedIn account"
      },
      "response": []
    }
  ]
}
