{
  "info": {
    "name": "LinkedIn Scraper API",
    "description": "API collection for LinkedIn scraping and lead management system",
    "schema": "https://schema.getpostman.com/json/collection/v2.1.0/collection.json"
  },
  "item": [
    {
      "name": "API Info",
      "description": "Overview of the API",
      "item": [
        {
          "name": "API Info",
          "request": {
            "method": "GET",
            "header": [],
            "url": "{{baseUrl}}/",
            "description": "Get API information"
          },
          "response": []
        },
        {
          "name": "Health Check",
          "request": {
            "method": "GET",
            "header": [],
            "url": "{{baseUrl}}/api/health",
            "description": "Check if the API is running"
          },
          "response": []
        }
      ]
    },
    {
      "name": "Authentication",
      "description": "Authentication-related endpoints",
      "item": [
        {
          "name": "Register User",
          "request": {
            "method": "POST",
            "header": [
              {
                "key": "Content-Type",
                "value": "application/json"
              }
            ],
            "body": {
              "mode": "raw",
              "raw": "{\n    \"name\": \"Test User\",\n    \"email\": \"user@example.com\",\n    \"password\": \"password123\",\n    \"phone\": 9876543210,\n    \"role\": \"USER\",\n    \"isActive\": true\n}"
            },
            "url": "{{baseUrl}}/users/register",
            "description": "Register a new user"
          },
          "response": []
        },
        {
          "name": "Register Admin",
          "request": {
            "method": "POST",
            "header": [
              {
                "key": "Content-Type",
                "value": "application/json"
              }
            ],
            "body": {
              "mode": "raw",
              "raw": "{\n    \"name\": \"Admin User\",\n    \"email\": \"{{adminEmail}}\",\n    \"password\": \"{{adminPassword}}\",\n    \"phone\": 9876543210,\n    \"role\": \"ADMIN\",\n    \"isActive\": true\n}"
            },
            "url": "{{baseUrl}}/users/registerAdmin",
            "description": "Register a new admin user"
          },
          "response": []
        },
        {
          "name": "Login",
          "request": {
            "method": "POST",
            "header": [
              {
                "key": "Content-Type",
                "value": "application/json"
              }
            ],
            "body": {
              "mode": "raw",
              "raw": "{\n    \"email\": \"user@example.com\",\n    \"password\": \"password123\"\n}"
            },
            "url": "{{baseUrl}}/users/login",
            "description": "Login and get authentication tokens"
          },
          "response": []
        },
        {
          "name": "Admin Login",
          "request": {
            "method": "POST",
            "header": [
              {
                "key": "Content-Type",
                "value": "application/json"
              }
            ],
            "body": {
              "mode": "raw",
              "raw": "{\n    \"email\": \"{{adminEmail}}\",\n    \"password\": \"{{adminPassword}}\"\n}"
            },
            "url": "{{baseUrl}}/users/login",
            "description": "Login as admin and get authentication tokens"
          },
          "response": []
        },
        {
          "name": "Refresh Token",
          "request": {
            "method": "POST",
            "header": [
              {
                "key": "Content-Type",
                "value": "application/json"
              }
            ],
            "body": {
              "mode": "raw",
              "raw": "{\n    \"refreshToken\": \"{{refreshToken}}\"\n}"
            },
            "url": "{{baseUrl}}/users/refreshToken",
            "description": "Refresh access token using refresh token"
          },
          "response": []
        },
        {
          "name": "Get Current User",
          "request": {
            "method": "GET",
            "header": [
              {
                "key": "Authorization",
                "value": "Bearer {{accessToken}}"
              }
            ],
            "url": "{{baseUrl}}/users/me",
            "description": "Get current user details"
          },
          "response": []
        }
      ]
    },
    {
      "name": "Users",
      "description": "User management endpoints",
      "item": [
        {
          "name": "Get All Users",
          "request": {
            "method": "GET",
            "header": [
              {
                "key": "Authorization",
                "value": "Bearer {{adminAccessToken}}"
              }
            ],
            "url": "{{baseUrl}}/users",
            "description": "Get all users (admin only)"
          },
          "response": []
        },
        {
          "name": "Get User by ID",
          "request": {
            "method": "GET",
            "header": [
              {
                "key": "Authorization",
                "value": "Bearer {{adminAccessToken}}"
              }
            ],
            "url": "{{baseUrl}}/users/{{userId}}",
            "description": "Get user details by ID (admin only)"
          },
          "response": []
        },
        {
          "name": "Update User",
          "request": {
            "method": "PATCH",
            "header": [
              {
                "key": "Content-Type",
                "value": "application/json"
              },
              {
                "key": "Authorization",
                "value": "Bearer {{accessToken}}"
              }
            ],
            "body": {
              "mode": "raw",
              "raw": "{\n    \"name\": \"Updated Name\",\n    \"phone\": 9876543210\n}"
            },
            "url": "{{baseUrl}}/users/{{userId}}",
            "description": "Update user information"
          },
          "response": []
        },
        {
          "name": "Update User Status",
          "request": {
            "method": "PATCH",
            "header": [
              {
                "key": "Content-Type",
                "value": "application/json"
              },
              {
                "key": "Authorization",
                "value": "Bearer {{adminAccessToken}}"
              }
            ],
            "body": {
              "mode": "raw",
              "raw": "{\n    \"isActive\": true\n}"
            },
            "url": "{{baseUrl}}/users/status/{{userId}}",
            "description": "Update user active status (admin only)"
          },
          "response": []
        },
        {
          "name": "Delete User",
          "request": {
            "method": "DELETE",
            "header": [
              {
                "key": "Authorization",
                "value": "Bearer {{adminAccessToken}}"
              }
            ],
            "url": "{{baseUrl}}/users/{{userId}}",
            "description": "Delete a user (admin only)"
          },
          "response": []
        },
        {
          "name": "Change Password",
          "request": {
            "method": "PATCH",
            "header": [
              {
                "key": "Content-Type",
                "value": "application/json"
              },
              {
                "key": "Authorization",
                "value": "Bearer {{accessToken}}"
              }
            ],
            "body": {
              "mode": "raw",
              "raw": "{\n    \"oldPassword\": \"password123\",\n    \"newPassword\": \"newPassword123\"\n}"
            },
            "url": "{{baseUrl}}/users/password",
            "description": "Change user password"
          },
          "response": []
        }
      ]
    },
    {
      "name": "LinkedIn Accounts",
      "description": "LinkedIn account management endpoints",
      "item": [
        {
          "name": "Create LinkedIn Account",
          "request": {
            "method": "POST",
            "header": [
              {
                "key": "Content-Type",
                "value": "application/json"
              },
              {
                "key": "Authorization",
                "value": "Bearer {{accessToken}}"
              }
            ],
            "body": {
              "mode": "raw",
              "raw": "{\n    \"name\": \"Test LinkedIn Account\",\n    \"password\": \"linkedin_password123\",\n    \"clientId\": \"{{userId}}\"\n}"
            },
            "url": "{{baseUrl}}/linkedInAccount",
            "description": "Create a new LinkedIn account"
          },
          "response": []
        },
        {
          "name": "Get All LinkedIn Accounts",
          "request": {
            "method": "GET",
            "header": [
              {
                "key": "Authorization",
                "value": "Bearer {{accessToken}}"
              }
            ],
            "url": "{{baseUrl}}/linkedInAccount",
            "description": "Get all LinkedIn accounts for the current user"
          },
          "response": []
        },
        {
          "name": "Get LinkedIn Account by ID",
          "request": {
            "method": "GET",
            "header": [
              {
                "key": "Authorization",
                "value": "Bearer {{accessToken}}"
              }
            ],
            "url": "{{baseUrl}}/linkedInAccount/{{linkedInAccountId}}",
            "description": "Get LinkedIn account details by ID"
          },
          "response": []
        },
        {
          "name": "Update LinkedIn Account",
          "request": {
            "method": "PATCH",
            "header": [
              {
                "key": "Content-Type",
                "value": "application/json"
              },
              {
                "key": "Authorization",
                "value": "Bearer {{accessToken}}"
              }
            ],
            "body": {
              "mode": "raw",
              "raw": "{\n    \"name\": \"Updated LinkedIn Account\",\n    \"password\": \"new_linkedin_password\"\n}"
            },
            "url": "{{baseUrl}}/linkedInAccount/{{linkedInAccountId}}",
            "description": "Update a LinkedIn account"
          },
          "response": []
        },
        {
          "name": "Delete LinkedIn Account",
          "request": {
            "method": "DELETE",
            "header": [
              {
                "key": "Authorization",
                "value": "Bearer {{accessToken}}"
              }
            ],
            "url": "{{baseUrl}}/linkedInAccount/{{linkedInAccountId}}",
            "description": "Delete a LinkedIn account"
          },
          "response": []
        }
      ]
    },
    {
      "name": "Proxies",
      "description": "Proxy management endpoints",
      "item": [
        {
          "name": "Create Proxy",
          "request": {
            "method": "POST",
            "header": [
              {
                "key": "Content-Type",
                "value": "application/json"
              },
              {
                "key": "Authorization",
                "value": "Bearer {{accessToken}}"
              }
            ],
            "body": {
              "mode": "raw",
              "raw": "{\n    \"value\": \"http://username:password@proxy-server.com:8080\",\n    \"clientId\": \"{{userId}}\"\n}"
            },
            "url": "{{baseUrl}}/proxies",
            "description": "Create a new proxy"
          },
          "response": []
        },
        {
          "name": "Get All Proxies",
          "request": {
            "method": "GET",
            "header": [
              {
                "key": "Authorization",
                "value": "Bearer {{accessToken}}"
              }
            ],
            "url": "{{baseUrl}}/proxies",
            "description": "Get all proxies for the current user"
          },
          "response": []
        },
        {
          "name": "Get Proxy by ID",
          "request": {
            "method": "GET",
            "header": [
              {
                "key": "Authorization",
                "value": "Bearer {{accessToken}}"
              }
            ],
            "url": "{{baseUrl}}/proxies/{{proxyId}}",
            "description": "Get proxy details by ID"
          },
          "response": []
        },
        {
          "name": "Update Proxy",
          "request": {
            "method": "PATCH",
            "header": [
              {
                "key": "Content-Type",
                "value": "application/json"
              },
              {
                "key": "Authorization",
                "value": "Bearer {{accessToken}}"
              }
            ],
            "body": {
              "mode": "raw",
              "raw": "{\n    \"value\": \"http://new-username:new-password@new-proxy-server.com:8080\"\n}"
            },
            "url": "{{baseUrl}}/proxies/{{proxyId}}",
            "description": "Update a proxy"
          },
          "response": []
        },
        {
          "name": "Delete Proxy",
          "request": {
            "method": "DELETE",
            "header": [
              {
                "key": "Authorization",
                "value": "Bearer {{accessToken}}"
              }
            ],
            "url": "{{baseUrl}}/proxies/{{proxyId}}",
            "description": "Delete a proxy"
          },
          "response": []
        }
      ]
    },
    {
      "name": "Campaigns",
      "description": "Campaign management endpoints",
      "item": [
        {
          "name": "Create LinkedIn Campaign",
          "request": {
            "method": "POST",
            "header": [
              {
                "key": "Content-Type",
                "value": "application/json"
              },
              {
                "key": "Authorization",
                "value": "Bearer {{accessToken}}"
              }
            ],
            "body": {
              "mode": "raw",
              "raw": "{\n    \"name\": \"Test Search Campaign\",\n    \"searchQuery\": \"Software Engineer\",\n    \"accountName\": \"Test LinkedIn Account\",\n    \"proxyId\": \"{{proxyId}}\",\n    \"linkedInAccountId\": \"{{linkedInAccountId}}\",\n    \"password\": \"linkedin_password123\",\n    \"clientId\": \"{{userId}}\",\n    \"company\": \"Microsoft\",\n    \"school\": \"Stanford\",\n    \"location\": \"United States\"\n}"
            },
            "url": "{{baseUrl}}/campaign/campaignLinkedin",
            "description": "Create a new LinkedIn search campaign"
          },
          "response": []
        },
        {
          "name": "Check LinkedIn Login",
          "request": {
            "method": "POST",
            "header": [
              {
                "key": "Content-Type",
                "value": "application/json"
              },
              {
                "key": "Authorization",
                "value": "Bearer {{accessToken}}"
              }
            ],
            "body": {
              "mode": "raw",
              "raw": "{}"
            },
            "url": "{{baseUrl}}/campaign/linkchecklogin",
            "description": "Check if LinkedIn is logged in"
          },
          "response": []
        },
        {
          "name": "LinkedIn Login",
          "request": {
            "method": "POST",
            "header": [
              {
                "key": "Content-Type",
                "value": "application/json"
              },
              {
                "key": "Authorization",
                "value": "Bearer {{accessToken}}"
              }
            ],
            "body": {
              "mode": "raw",
              "raw": "{\n    \"email\": \"linkedin_email@example.com\",\n    \"password\": \"linkedin_password\",\n    \"proxyId\": \"{{proxyId}}\"\n}"
            },
            "url": "{{baseUrl}}/campaign/linklogin",
            "description": "Login to LinkedIn"
          },
          "response": []
        },
        {
          "name": "Send LinkedIn Captcha",
          "request": {
            "method": "POST",
            "header": [
              {
                "key": "Content-Type",
                "value": "application/json"
              },
              {
                "key": "Authorization",
                "value": "Bearer {{accessToken}}"
              }
            ],
            "body": {
              "mode": "raw",
              "raw": "{\n    \"captchaInput\": \"ABCDE\"\n}"
            },
            "url": "{{baseUrl}}/campaign/linkCaptcha",
            "description": "Submit captcha during LinkedIn login"
          },
          "response": []
        },
        {
          "name": "LinkedIn Search",
          "request": {
            "method": "POST",
            "header": [
              {
                "key": "Content-Type",
                "value": "application/json"
              },
              {
                "key": "Authorization",
                "value": "Bearer {{accessToken}}"
              }
            ],
            "body": {
              "mode": "raw",
              "raw": "{\n    \"searchQuery\": \"Software Engineer\",\n    \"location\": \"United States\",\n    \"company\": \"Microsoft\",\n    \"school\": \"Stanford\"\n}"
            },
            "url": "{{baseUrl}}/campaign/linkSearch",
            "description": "Perform LinkedIn search"
          },
          "response": []
        },
        {
          "name": "Verify OTP",
          "request": {
            "method": "POST",
            "header": [
              {
                "key": "Content-Type",
                "value": "application/json"
              },
              {
                "key": "Authorization",
                "value": "Bearer {{accessToken}}"
              }
            ],
            "body": {
              "mode": "raw",
              "raw": "{\n    \"otpInput\": \"123456\"\n}"
            },
            "url": "{{baseUrl}}/campaign/verifyOtp",
            "description": "Verify OTP during LinkedIn login"
          },
          "response": []
        },
        {
          "name": "Get All Campaigns",
          "request": {
            "method": "GET",
            "header": [
              {
                "key": "Authorization",
                "value": "Bearer {{accessToken}}"
              }
            ],
            "url": "{{baseUrl}}/campaign/getcampaigns",
            "description": "Get all campaigns for the current user"
          },
          "response": []
        },
        {
          "name": "Get Campaign by ID",
          "request": {
            "method": "GET",
            "header": [
              {
                "key": "Authorization",
                "value": "Bearer {{accessToken}}"
              }
            ],
            "url": "{{baseUrl}}/campaign/getPastcampaignById/{{campaignId}}",
            "description": "Get a specific campaign by ID"
          },
          "response": []
        },
        {
          "name": "Update Campaign",
          "request": {
            "method": "PATCH",
            "header": [
              {
                "key": "Content-Type",
                "value": "application/json"
              },
              {
                "key": "Authorization",
                "value": "Bearer {{accessToken}}"
              }
            ],
            "body": {
              "mode": "raw",
              "raw": "{\n    \"name\": \"Updated Campaign Name\",\n    \"searchQuery\": \"Senior Software Engineer\"\n}"
            },
            "url": "{{baseUrl}}/campaign/{{campaignId}}",
            "description": "Update a campaign"
          },
          "response": []
        },
        {
          "name": "Delete Campaign",
          "request": {
            "method": "DELETE",
            "header": [
              {
                "key": "Authorization",
                "value": "Bearer {{accessToken}}"
              }
            ],
            "url": "{{baseUrl}}/campaign/{{campaignId}}",
            "description": "Delete a campaign"
          },
          "response": []
        }
      ]
    },
    {
      "name": "Leads",
      "description": "Lead management endpoints",
      "item": [
        {
          "name": "Create Lead",
          "request": {
            "method": "POST",
            "header": [
              {
                "key": "Content-Type",
                "value": "application/json"
              },
              {
                "key": "Authorization",
                "value": "Bearer {{accessToken}}"
              }
            ],
            "body": {
              "mode": "raw",
              "raw": "{\n    \"clientId\": \"{{userId}}\",\n    \"campaignId\": \"{{campaignId}}\",\n    \"status\": \"CREATED\",\n    \"rating\": \"Medium\",\n    \"name\": \"John Doe\",\n    \"position\": \"Software Engineer\",\n    \"company\": \"Microsoft\",\n    \"location\": \"Seattle, Washington, United States\",\n    \"linkedinProfileUrl\": \"https://www.linkedin.com/in/johndoe\"\n}"
            },
            "url": "{{baseUrl}}/lead",
            "description": "Create a new lead manually"
          },
          "response": []
        },
        {
          "name": "Get All Leads",
          "request": {
            "method": "GET",
            "header": [
              {
                "key": "Authorization",
                "value": "Bearer {{accessToken}}"
              }
            ],
            "url": {
              "raw": "{{baseUrl}}/lead?skip=0&limit=10&sortBy=createdAt&sortOrder=desc",
              "host": [
                "{{baseUrl}}"
              ],
              "path": [
                "lead"
              ],
              "query": [
                {
                  "key": "skip",
                  "value": "0"
                },
                {
                  "key": "limit",
                  "value": "10"
                },
                {
                  "key": "sortBy",
                  "value": "createdAt"
                },
                {
                  "key": "sortOrder",
                  "value": "desc"
                }
              ]
            },
            "description": "Get all leads with pagination and sorting"
          },
          "response": []
        },
        {
          "name": "Get Lead by ID",
          "request": {
            "method": "GET",
            "header": [
              {
                "key": "Authorization",
                "value": "Bearer {{accessToken}}"
              }
            ],
            "url": "{{baseUrl}}/lead/getById/{{leadId}}",
            "description": "Get a specific lead by ID"
          },
          "response": []
        },
        {
          "name": "Assign Lead to User",
          "request": {
            "method": "PATCH",
            "header": [
              {
                "key": "Content-Type",
                "value": "application/json"
              },
              {
                "key": "Authorization",
                "value": "Bearer {{accessToken}}"
              }
            ],
            "body": {
              "mode": "raw",
              "raw": "{\n    \"userId\": \"{{userId}}\"\n}"
            },
            "url": "{{baseUrl}}/lead/assignLeadToUser/{{leadId}}",
            "description": "Assign a lead to a specific user"
          },
          "response": []
        },
        {
          "name": "Auto-Assign Leads to User",
          "request": {
            "method": "PATCH",
            "header": [
              {
                "key": "Content-Type",
                "value": "application/json"
              },
              {
                "key": "Authorization",
                "value": "Bearer {{accessToken}}"
              }
            ],
            "body": {
              "mode": "raw",
              "raw": "{\n    \"userId\": \"{{userId}}\"\n}"
            },
            "url": "{{baseUrl}}/lead/automaticallyAssignLeadsToUser",
            "description": "Automatically assign unassigned leads to a specific user"
          },
          "response": []
        },
        {
          "name": "Change Lead Status",
          "request": {
            "method": "PATCH",
            "header": [
              {
                "key": "Content-Type",
                "value": "application/json"
              },
              {
                "key": "Authorization",
                "value": "Bearer {{accessToken}}"
              }
            ],
            "body": {
              "mode": "raw",
              "raw": "{\n    \"status\": \"CONTACTED\"\n}"
            },
            "url": "{{baseUrl}}/lead/changeLeadStatus/{{leadId}}",
            "description": "Change the status of a lead"
          },
          "response": []
        },
        {
          "name": "Change Lead Rating",
          "request": {
            "method": "PATCH",
            "header": [
              {
                "key": "Content-Type",
                "value": "application/json"
              },
              {
                "key": "Authorization",
                "value": "Bearer {{accessToken}}"
              }
            ],
            "body": {
              "mode": "raw",
              "raw": "{\n    \"rating\": \"High\"\n}"
            },
            "url": "{{baseUrl}}/lead/changeLeadRating/{{leadId}}",
            "description": "Change the rating of a lead"
          },
          "response": []
        },
        {
          "name": "Delete Lead",
          "request": {
            "method": "DELETE",
            "header": [
              {
                "key": "Authorization",
                "value": "Bearer {{accessToken}}"
              }
            ],
            "url": "{{baseUrl}}/lead/deleteById/{{leadId}}",
            "description": "Delete a lead by ID"
          },
          "response": []
        },
        {
          "name": "Get Leads by Campaign",
          "request": {
            "method": "GET",
            "header": [
              {
                "key": "Authorization",
                "value": "Bearer {{accessToken}}"
              }
            ],
            "url": {
              "raw": "{{baseUrl}}/lead/getByCampaign/{{campaignId}}?skip=0&limit=10",
              "host": [
                "{{baseUrl}}"
              ],
              "path": [
                "lead",
                "getByCampaign",
                "{{campaignId}}"
              ],
              "query": [
                {
                  "key": "skip",
                  "value": "0"
                },
                {
                  "key": "limit",
                  "value": "10"
                }
              ]
            },
            "description": "Get leads filtered by campaign ID"
          },
          "response": []
        }
      ]
    },
    {
      "name": "Lead Comments",
      "description": "Lead comments management endpoints",
      "item": [
        {
          "name": "Create Lead Comment",
          "request": {
            "method": "POST",
            "header": [
              {
                "key": "Content-Type",
                "value": "application/json"
              },
              {
                "key": "Authorization",
                "value": "Bearer {{accessToken}}"
              }
            ],
            "body": {
              "mode": "raw",
              "raw": "{\n    \"leadId\": \"{{leadId}}\",\n    \"createdBy\": \"{{userId}}\",\n    \"message\": \"This lead looks promising, follow up next week.\"\n}"
            },
            "url": "{{baseUrl}}/leadComments",
            "description": "Create a new comment for a lead"
          },
          "response": []
        },
        {
          "name": "Get Comments by Lead ID",
          "request": {
            "method": "GET",
            "header": [
              {
                "key": "Authorization",
                "value": "Bearer {{accessToken}}"
              }
            ],
            "url": "{{baseUrl}}/leadComments/byLead/{{leadId}}",
            "description": "Get all comments for a specific lead"
          },
          "response": []
        },
        {
          "name": "Get Comment by ID",
          "request": {
            "method": "GET",
            "header": [
              {
                "key": "Authorization",
                "value": "Bearer {{accessToken}}"
              }
            ],
            "url": "{{baseUrl}}/leadComments/{{commentId}}",
            "description": "Get a specific comment by ID"
          },
          "response": []
        },
        {
          "name": "Update Comment",
          "request": {
            "method": "PATCH",
            "header": [
              {
                "key": "Content-Type",
                "value": "application/json"
              },
              {
                "key": "Authorization",
                "value": "Bearer {{accessToken}}"
              }
            ],
            "body": {
              "mode": "raw",
              "raw": "{\n    \"message\": \"Updated comment message.\"\n}"
            },
            "url": "{{baseUrl}}/leadComments/{{commentId}}",
            "description": "Update a comment"
          },
          "response": []
        },
        {
          "name": "Delete Comment",
          "request": {
            "method": "DELETE",
            "header": [
              {
                "key": "Authorization",
                "value": "Bearer {{accessToken}}"
              }
            ],
            "url": "{{baseUrl}}/leadComments/{{commentId}}",
            "description": "Delete a comment"
          },
          "response": []
        }
      ]
    },
    {
      "name": "Lead Logs",
      "description": "Lead activity logs endpoints",
      "item": [
        {
          "name": "Get Logs by Lead ID",
          "request": {
            "method": "GET",
            "header": [
              {
                "key": "Authorization",
                "value": "Bearer {{accessToken}}"
              }
            ],
            "url": "{{baseUrl}}/leadLogs/byLead/{{leadId}}",
            "description": "Get all logs for a specific lead"
          },
          "response": []
        },
        {
          "name": "Get All Logs",
          "request": {
            "method": "GET",
            "header": [
              {
                "key": "Authorization",
                "value": "Bearer {{accessToken}}"
              }
            ],
            "url": {
              "raw": "{{baseUrl}}/leadLogs?skip=0&limit=20",
              "host": [
                "{{baseUrl}}"
              ],
              "path": [
                "leadLogs"
              ],
              "query": [
                {
                  "key": "skip",
                  "value": "0"
                },
                {
                  "key": "limit",
                  "value": "20"
                }
              ]
            },
            "description": "Get all lead logs with pagination"
          },
          "response": []
        },
        {
          "name": "Get Log by ID",
          "request": {
            "method": "GET",
            "header": [
              {
                "key": "Authorization",
                "value": "Bearer {{accessToken}}"
              }
            ],
            "url": "{{baseUrl}}/leadLogs/{{logId}}",
            "description": "Get a specific log by ID"
          },
          "response": []
        }
      ]
    },
    {
      "name": "Lead Status",
      "description": "Lead status management endpoints",
      "item": [
        {
          "name": "Create Lead Status",
          "request": {
            "method": "POST",
            "header": [
              {
                "key": "Content-Type",
                "value": "application/json"
              },
              {
                "key": "Authorization",
                "value": "Bearer {{accessToken}}"
              }
            ],
            "body": {
              "mode": "raw",
              "raw": "{\n    \"value\": \"NEW_OPPORTUNITY\"\n}"
            },
            "url": "{{baseUrl}}/leadStatus",
            "description": "Create a new lead status"
          },
          "response": []
        },
        {
          "name": "Get All Lead Statuses",
          "request": {
            "method": "GET",
            "header": [
              {
                "key": "Authorization",
                "value": "Bearer {{accessToken}}"
              }
            ],
            "url": "{{baseUrl}}/leadStatus",
            "description": "Get all lead statuses"
          },
          "response": []
        },
        {
          "name": "Get Lead Status by ID",
          "request": {
            "method": "GET",
            "header": [
              {
                "key": "Authorization",
                "value": "Bearer {{accessToken}}"
              }
            ],
            "url": "{{baseUrl}}/leadStatus/{{statusId}}",
            "description": "Get a specific lead status by ID"
          },
          "response": []
        },
        {
          "name": "Update Lead Status",
          "request": {
            "method": "PATCH",
            "header": [
              {
                "key": "Content-Type",
                "value": "application/json"
              },
              {
                "key": "Authorization",
                "value": "Bearer {{accessToken}}"
              }
            ],
            "body": {
              "mode": "raw",
              "raw": "{\n    \"value\": \"HOT_LEAD\"\n}"
            },
            "url": "{{baseUrl}}/leadStatus/{{statusId}}",
            "description": "Update a lead status"
          },
          "response": []
        },
        {
          "name": "Delete Lead Status",
          "request": {
            "method": "DELETE",
            "header": [
              {
                "key": "Authorization",
                "value": "Bearer {{accessToken}}"
              }
            ],
            "url": "{{baseUrl}}/leadStatus/{{statusId}}",
            "description": "Delete a lead status"
          },
          "response": []
        }
      ]
    },
    {
      "name": "MongoDB Samples",
      "description": "Requests to create and populate sample MongoDB data",
      "item": [
        {
          "name": "Create Admin User",
          "request": {
            "method": "POST",
            "header": [
              {
                "key": "Content-Type",
                "value": "application/json"
              }
            ],
            "body": {
              "mode": "raw",
              "raw": "{\n    \"name\": \"Admin User\",\n    \"email\": \"admin@example.com\",\n    \"password\": \"adminpass123\",\n    \"phone\": 9876543210,\n    \"role\": \"ADMIN\",\n    \"isActive\": true\n}"
            },
            "url": "{{baseUrl}}/users/registerAdmin",
            "description": "Creates an admin user for testing"
          },
          "response": []
        },
        {
          "name": "Create Regular User",
          "request": {
            "method": "POST",
            "header": [
              {
                "key": "Content-Type",
                "value": "application/json"
              }
            ],
            "body": {
              "mode": "raw",
              "raw": "{\n    \"name\": \"Regular User\",\n    \"email\": \"user@example.com\",\n    \"password\": \"userpass123\",\n    \"phone\": 9876543210,\n    \"role\": \"USER\",\n    \"isActive\": true\n}"
            },
            "url": "{{baseUrl}}/users/register",
            "description": "Creates a regular user for testing"
          },
          "response": []
        },
        {
          "name": "Create LinkedIn Account",
          "request": {
            "method": "POST",
            "header": [
              {
                "key": "Content-Type",
                "value": "application/json"
              },
              {
                "key": "Authorization",
                "value": "Bearer {{accessToken}}"
              }
            ],
            "body": {
              "mode": "raw",
              "raw": "{\n    \"name\": \"Test LinkedIn Account\",\n    \"password\": \"linkedinpass123\",\n    \"clientId\": \"{{userId}}\"\n}"
            },
            "url": "{{baseUrl}}/linkedInAccount",
            "description": "Creates a LinkedIn account for testing"
          },
          "response": []
        },
        {
          "name": "Create Proxy",
          "request": {
            "method": "POST",
            "header": [
              {
                "key": "Content-Type",
                "value": "application/json"
              },
              {
                "key": "Authorization",
                "value": "Bearer {{accessToken}}"
              }
            ],
            "body": {
              "mode": "raw",
              "raw": "{\n    \"value\": \"http://username:password@proxy-server.com:8080\",\n    \"clientId\": \"{{userId}}\"\n}"
            },
            "url": "{{baseUrl}}/proxies",
            "description": "Creates a proxy for testing"
          },
          "response": []
        },
        {
          "name": "Create Campaign",
          "request": {
            "method": "POST",
            "header": [
              {
                "key": "Content-Type",
                "value": "application/json"
              },
              {
                "key": "Authorization",
                "value": "Bearer {{accessToken}}"
              }
            ],
            "body": {
              "mode": "raw",
              "raw": "{\n    \"name\": \"Sample Search Campaign\",\n    \"searchQuery\": \"Software Engineer\",\n    \"accountName\": \"Test LinkedIn Account\",\n    \"proxyId\": \"{{proxyId}}\",\n    \"linkedInAccountId\": \"{{linkedInAccountId}}\",\n    \"password\": \"linkedinpass123\",\n    \"clientId\": \"{{userId}}\",\n    \"company\": \"Microsoft\",\n    \"school\": \"Stanford\",\n    \"location\": \"United States\"\n}"
            },
            "url": "{{baseUrl}}/campaign/campaignLinkedin",
            "description": "Creates a campaign for testing"
          },
          "response": []
        },
        {
          "name": "Create Lead Status",
          "request": {
            "method": "POST",
            "header": [
              {
                "key": "Content-Type",
                "value": "application/json"
              },
              {
                "key": "Authorization",
                "value": "Bearer {{accessToken}}"
              }
            ],
            "body": {
              "mode": "raw",
              "raw": "{\n    \"value\": \"INTERESTED\"\n}"
            },
            "url": "{{baseUrl}}/leadStatus",
            "description": "Creates a lead status for testing"
          },
          "response": []
        },
        {
          "name": "Create Lead",
          "request": {
            "method": "POST",
            "header": [
              {
                "key": "Content-Type",
                "value": "application/json"
              },
              {
                "key": "Authorization",
                "value": "Bearer {{accessToken}}"
              }
            ],
            "body": {
              "mode": "raw",
              "raw": "{\n    \"clientId\": \"{{userId}}\",\n    \"campaignId\": \"{{campaignId}}\",\n    \"status\": \"CREATED\",\n    \"rating\": \"Medium\",\n    \"name\": \"John Doe\",\n    \"position\": \"Software Engineer\",\n    \"company\": \"Microsoft\",\n    \"location\": \"Seattle, Washington, United States\",\n    \"linkedinProfileUrl\": \"https://www.linkedin.com/in/johndoe\"\n}"
            },
            "url": "{{baseUrl}}/lead",
            "description": "Creates a lead for testing"
          },
          "response": []
        },
        {
          "name": "Create Lead Comment",
          "request": {
            "method": "POST",
            "header": [
              {
                "key": "Content-Type",
                "value": "application/json"
              },
              {
                "key": "Authorization",
                "value": "Bearer {{accessToken}}"
              }
            ],
            "body": {
              "mode": "raw",
              "raw": "{\n    \"leadId\": \"{{leadId}}\",\n    \"createdBy\": \"{{userId}}\",\n    \"message\": \"This is a sample comment for testing.\"\n}"
            },
            "url": "{{baseUrl}}/leadComments",
            "description": "Creates a lead comment for testing"
          },
          "response": []
        }
      ]
    }
  ]
}