{
  "name": "MongoDB Samples",
  "description": "Requests to create and populate sample MongoDB data",
  "item": [
    {
      "name": "Create Admin User",
      "request": {
        "method": "POST",
        "header": [
          {
            "key": "Content-Type",
            "value": "application/json"
          }
        ],
        "body": {
          "mode": "raw",
          "raw": "{\n    \"name\": \"Admin User\",\n    \"email\": \"admin@example.com\",\n    \"password\": \"adminpass123\",\n    \"phone\": 9876543210,\n    \"role\": \"ADMIN\",\n    \"isActive\": true\n}"
        },
        "url": "{{baseUrl}}/users/registerAdmin",
        "description": "Creates an admin user for testing"
      },
      "response": []
    },
    {
      "name": "Create Regular User",
      "request": {
        "method": "POST",
        "header": [
          {
            "key": "Content-Type",
            "value": "application/json"
          }
        ],
        "body": {
          "mode": "raw",
          "raw": "{\n    \"name\": \"Regular User\",\n    \"email\": \"user@example.com\",\n    \"password\": \"userpass123\",\n    \"phone\": 9876543210,\n    \"role\": \"USER\",\n    \"isActive\": true\n}"
        },
        "url": "{{baseUrl}}/users/register",
        "description": "Creates a regular user for testing"
      },
      "response": []
    },
    {
      "name": "Create LinkedIn Account",
      "request": {
        "method": "POST",
        "header": [
          {
            "key": "Content-Type",
            "value": "application/json"
          },
          {
            "key": "Authorization",
            "value": "Bearer {{accessToken}}"
          }
        ],
        "body": {
          "mode": "raw",
          "raw": "{\n    \"name\": \"Test LinkedIn Account\",\n    \"password\": \"linkedinpass123\",\n    \"clientId\": \"{{userId}}\"\n}"
        },
        "url": "{{baseUrl}}/linkedInAccount",
        "description": "Creates a LinkedIn account for testing"
      },
      "response": []
    },
    {
      "name": "Create Proxy",
      "request": {
        "method": "POST",
        "header": [
          {
            "key": "Content-Type",
            "value": "application/json"
          },
          {
            "key": "Authorization",
            "value": "Bearer {{accessToken}}"
          }
        ],
        "body": {
          "mode": "raw",
          "raw": "{\n    \"value\": \"http://username:password@proxy-server.com:8080\",\n    \"clientId\": \"{{userId}}\"\n}"
        },
        "url": "{{baseUrl}}/proxies",
        "description": "Creates a proxy for testing"
      },
      "response": []
    },
    {
      "name": "Create Campaign",
      "request": {
        "method": "POST",
        "header": [
          {
            "key": "Content-Type",
            "value": "application/json"
          },
          {
            "key": "Authorization",
            "value": "Bearer {{accessToken}}"
          }
        ],
        "body": {
          "mode": "raw",
          "raw": "{\n    \"name\": \"Sample Search Campaign\",\n    \"searchQuery\": \"Software Engineer\",\n    \"accountName\": \"Test LinkedIn Account\",\n    \"proxyId\": \"{{proxyId}}\",\n    \"linkedInAccountId\": \"{{linkedInAccountId}}\",\n    \"password\": \"linkedinpass123\",\n    \"clientId\": \"{{userId}}\",\n    \"company\": \"Microsoft\",\n    \"school\": \"Stanford\",\n    \"location\": \"United States\"\n}"
        },
        "url": "{{baseUrl}}/campaign/campaignLinkedin",
        "description": "Creates a campaign for testing"
      },
      "response": []
    },
    {
      "name": "Create Lead Status",
      "request": {
        "method": "POST",
        "header": [
          {
            "key": "Content-Type",
            "value": "application/json"
          },
          {
            "key": "Authorization",
            "value": "Bearer {{accessToken}}"
          }
        ],
        "body": {
          "mode": "raw",
          "raw": "{\n    \"value\": \"INTERESTED\"\n}"
        },
        "url": "{{baseUrl}}/leadStatus",
        "description": "Creates a lead status for testing"
      },
      "response": []
    },
    {
      "name": "Create Lead",
      "request": {
        "method": "POST",
        "header": [
          {
            "key": "Content-Type",
            "value": "application/json"
          },
          {
            "key": "Authorization",
            "value": "Bearer {{accessToken}}"
          }
        ],
        "body": {
          "mode": "raw",
          "raw": "{\n    \"clientId\": \"{{userId}}\",\n    \"campaignId\": \"{{campaignId}}\",\n    \"status\": \"CREATED\",\n    \"rating\": \"Medium\",\n    \"name\": \"John Doe\",\n    \"position\": \"Software Engineer\",\n    \"company\": \"Microsoft\",\n    \"location\": \"Seattle, Washington, United States\",\n    \"linkedinProfileUrl\": \"https://www.linkedin.com/in/johndoe\"\n}"
        },
        "url": "{{baseUrl}}/lead",
        "description": "Creates a lead for testing"
      },
      "response": []
    },
    {
      "name": "Create Lead Comment",
      "request": {
        "method": "POST",
        "header": [
          {
            "key": "Content-Type",
            "value": "application/json"
          },
          {
            "key": "Authorization",
            "value": "Bearer {{accessToken}}"
          }
        ],
        "body": {
          "mode": "raw",
          "raw": "{\n    \"leadId\": \"{{leadId}}\",\n    \"createdBy\": \"{{userId}}\",\n    \"message\": \"This is a sample comment for testing.\"\n}"
        },
        "url": "{{baseUrl}}/leadComments",
        "description": "Creates a lead comment for testing"
      },
      "response": []
    }
  ]
}
