{
  "name": "Users",
  "description": "User management endpoints",
  "item": [
    {
      "name": "Get All Users",
      "request": {
        "method": "GET",
        "header": [
          {
            "key": "Authorization",
            "value": "Bearer {{adminAccessToken}}"
          }
        ],
        "url": "{{baseUrl}}/users",
        "description": "Get all users (admin only)"
      },
      "response": []
    },
    {
      "name": "Get User by ID",
      "request": {
        "method": "GET",
        "header": [
          {
            "key": "Authorization",
            "value": "Bearer {{adminAccessToken}}"
          }
        ],
        "url": "{{baseUrl}}/users/{{userId}}",
        "description": "Get user details by ID (admin only)"
      },
      "response": []
    },
    {
      "name": "Update User",
      "request": {
        "method": "PATCH",
        "header": [
          {
            "key": "Content-Type",
            "value": "application/json"
          },
          {
            "key": "Authorization",
            "value": "Bearer {{accessToken}}"
          }
        ],
        "body": {
          "mode": "raw",
          "raw": "{\n    \"name\": \"Updated Name\",\n    \"phone\": 9876543210\n}"
        },
        "url": "{{baseUrl}}/users/{{userId}}",
        "description": "Update user information"
      },
      "response": []
    },
    {
      "name": "Update User Status",
      "request": {
        "method": "PATCH",
        "header": [
          {
            "key": "Content-Type",
            "value": "application/json"
          },
          {
            "key": "Authorization",
            "value": "Bearer {{adminAccessToken}}"
          }
        ],
        "body": {
          "mode": "raw",
          "raw": "{\n    \"isActive\": true\n}"
        },
        "url": "{{baseUrl}}/users/status/{{userId}}",
        "description": "Update user active status (admin only)"
      },
      "response": []
    },
    {
      "name": "Delete User",
      "request": {
        "method": "DELETE",
        "header": [
          {
            "key": "Authorization",
            "value": "Bearer {{adminAccessToken}}"
          }
        ],
        "url": "{{baseUrl}}/users/{{userId}}",
        "description": "Delete a user (admin only)"
      },
      "response": []
    },
    {
      "name": "Change Password",
      "request": {
        "method": "PATCH",
        "header": [
          {
            "key": "Content-Type",
            "value": "application/json"
          },
          {
            "key": "Authorization",
            "value": "Bearer {{accessToken}}"
          }
        ],
        "body": {
          "mode": "raw",
          "raw": "{\n    \"oldPassword\": \"password123\",\n    \"newPassword\": \"newPassword123\"\n}"
        },
        "url": "{{baseUrl}}/users/password",
        "description": "Change user password"
      },
      "response": []
    }
  ]
}
